event_name	Participant ID	Participant Name	Participant Email	Joined at
Cool-Workshop	145789000	Anonymous	Anonymous	05/10/2023 18:12:19
Cool-Workshop	145789001	Anonymous	Anonymous	05/10/2023 18:13:02
Cool-Workshop	145789002	Anonymous	Anonymous	05/10/2023 18:15:11
Cool-Workshop	145789003	Anonymous	Anonymous	05/15/2023 14:19:17
Cool-Workshop	145789004	Anonymous	Anonymous	05/15/2023 14:19:36
Cool-Workshop	145789005	Anonymous	Anonymous	05/15/2023 14:19:36
Cool-Workshop	145789006	Anonymous	Anonymous	05/15/2023 14:19:40
Cool-Workshop	145789007	Anonymous	Anonymous	05/15/2023 14:20:19
Cool-Workshop	145789008	Anonymous	Anonymous	05/15/2023 14:22:28
Cool-Workshop	145789009	Anonymous	Anonymous	05/15/2023 14:26:38
Cool-Workshop	145789010	Anonymous	Anonymous	05/15/2023 15:33:43
Cool-Workshop	145789011	Anonymous	Anonymous	05/15/2023 15:33:43
Cool-Workshop	145789012	Anonymous	Anonymous	05/15/2023 16:57:44
Cool-Workshop	145789013	Anonymous	Anonymous	05/15/2023 17:49:28
